## MySQL基础操作

### 1. 数据库管理

1. 选择要操作的Mysql数据库，使用该命令后所有Mysql命令都只针对该数据库。

```mysql
USE 数据库名;
```



2. 列出 MySQL 数据库管理系统的数据库列表。

```mysql
SHOW DATABASES;
```



3. 显示指定数据库的所有表，使用该命令前需要使用 use 命令来选择要操作的数据库。

```mysql
SHOW TABLES;
```



4. 显示数据表的属性，属性类型，主键信息 ，是否为 NULL，默认值等其他信息。

```mysql
SHOW COLUMNS FROM 数据表;
```



5. 显示数据表的详细索引信息，包括PRIMARY KEY（主键）。

```mysql
SHOW INDEX FROM 数据表;
```



6. 该命令将输出Mysql数据库管理系统的性能及统计信息。

```mysql
SHOW TABLE STATUS [FROM db_name] [LIKE 'pattern'] \G;
```

```mysql
mysql> SHOW TABLE STATUS  FROM RUNOOB;   # 显示数据库 RUNOOB 中所有表的信息
mysql> SHOW TABLE STATUS from RUNOOB LIKE 'runoob%';     # 表名以runoob开头的表的信息
mysql> SHOW TABLE STATUS from RUNOOB LIKE 'runoob%'\G;   # 加上 \G，查询结果按列打印
```



### 2. 数据库操作

#### 2.1 创建数据库

```mysql
CREATE DATABASE 数据库名;
```



#### 2.2 删除数据库

```mysql
DROP DATABASE 数据库名;
```



#### 2.3 选择数据库

```mysql
USE 数据库名;
```



### 3.数据类型

#### 3.1 数值类型

MySQL 支持多种类型，大致可以分为三类：**数值**、**日期/时间**和**字符串(字符)**类型

| 类型         | 大小                                     | 范围（有符号）                                               | 范围（无符号）                                               | 用途            |
| :----------- | :--------------------------------------- | :----------------------------------------------------------- | :----------------------------------------------------------- | :-------------- |
| TINYINT      | 1 Bytes                                  | (-128，127)                                                  | (0，255)                                                     | 小整数值        |
| SMALLINT     | 2 Bytes                                  | (-32 768，32 767)                                            | (0，65 535)                                                  | 大整数值        |
| MEDIUMINT    | 3 Bytes                                  | (-8 388 608，8 388 607)                                      | (0，16 777 215)                                              | 大整数值        |
| INT或INTEGER | 4 Bytes                                  | (-2 147 483 648，2 147 483 647)                              | (0，4 294 967 295)                                           | 大整数值        |
| BIGINT       | 8 Bytes                                  | (-9,223,372,036,854,775,808，<br />9 223 372 036 854 775 807) | (0，18 446 744 073 709 551 615)                              | 极大整数值      |
| FLOAT        | 4 Bytes                                  | (-3.402 823 466 E+38，-1.175 494 351 E-38)，0，(1.175 494 351 E-38，3.402 823 466 351 E+38) | 0，(1.175 494 351 E-38，3.402 823 466 E+38)                  | 单精度 浮点数值 |
| DOUBLE       | 8 Bytes                                  | (-1.797 693 134 862 315 7 E+308，<br />-2.225 073 858 507 201 4 E-308)，0，(2.225 073 858 507 201 4 E-308，1.797 693 134 862 315 7 E+308) | 0，(2.225 073 858 507 201 4 E-308，1.797 693 134 862 315 7 E+308) | 双精度 浮点数值 |
| DECIMAL      | 对DECIMAL(M,D) ，如果M>D，为M+2否则为D+2 | 依赖于M和D的值                                               | 依赖于M和D的值                                               | 小数值          |



#### 3.2 日期和时间类型

每个时间类型有一个有效值范围和一个"零"值，当指定不合法的MySQL不能表示的值时使用"零"值。

TIMESTAMP类型有专有的自动更新特性

| 类型      | 大小 ( bytes) | 范围                                                         | 格式                | 用途                     |
| :-------- | :------------ | :----------------------------------------------------------- | :------------------ | :----------------------- |
| DATE      | 3             | 1000-01-01/9999-12-31                                        | YYYY-MM-DD          | 日期值                   |
| TIME      | 3             | '-838:59:59'/'838:59:59'                                     | HH:MM:SS            | 时间值或持续时间         |
| YEAR      | 1             | 1901/2155                                                    | YYYY                | 年份值                   |
| DATETIME  | 8             | 1000-01-01 00:00:00/9999-12-31 23:59:59                      | YYYY-MM-DD HH:MM:SS | 混合日期和时间值         |
| TIMESTAMP | 4             | 1970-01-01 00:00:00/2038结束时间是第 **2147483647** 秒，北京时间 **2038-1-19 11:14:07**，格林尼治时间 2038年1月19日 凌晨 03:14:07 | YYYYMMDD HHMMSS     | 混合日期和时间值，时间戳 |



#### 3.3 字符串类型

| 类型       | 大小                  | 用途                            |
| :--------- | :-------------------- | :------------------------------ |
| CHAR       | 0-255 bytes           | 定长字符串                      |
| VARCHAR    | 0-65535 bytes         | 变长字符串                      |
| TINYBLOB   | 0-255 bytes           | 不超过 255 个字符的二进制字符串 |
| TINYTEXT   | 0-255 bytes           | 短文本字符串                    |
| BLOB       | 0-65 535 bytes        | 二进制形式的长文本数据          |
| TEXT       | 0-65 535 bytes        | 长文本数据                      |
| MEDIUMBLOB | 0-16 777 215 bytes    | 二进制形式的中等长度文本数据    |
| MEDIUMTEXT | 0-16 777 215 bytes    | 中等长度文本数据                |
| LONGBLOB   | 0-4 294 967 295 bytes | 二进制形式的极大文本数据        |
| LONGTEXT   | 0-4 294 967 295 bytes | 极大文本数据                    |



### 4. 数据表操作

#### 4.1 创建数据表

创建MySQL数据表需要以下信息：

- 表名
- 表字段名
- 定义每个表字段

```mysql
CREATE TABLE table_name (column_name column_type);
```

**示例**

```mysql
CREATE TABLE IF NOT EXISTS `runoob_tbl`(
   `runoob_id` INT UNSIGNED AUTO_INCREMENT,
   `runoob_title` VARCHAR(100) NOT NULL,
   `runoob_author` VARCHAR(40) NOT NULL,
   `submission_date` DATE,
   PRIMARY KEY ( `runoob_id` )
)ENGINE=InnoDB DEFAULT CHARSET=utf8;
```



#### 4.2 查询表结构

```mysql
DESC 表名;
```

```mysql
SHOW COLUMNS FROM 表名; 
```



#### 4.3 删除数据表

```mysql
DROP TABLE table_name;
```



#### 4.4  插入数据

```mysql
INSERT INTO table_name ( field1, field2, ... fieldN)
					VALUES
					( value1, value2, ... valueN);
```

如果数据是字符型，必须使用单引号或者双引号，如："value"。

**示例**：

```mysql
root@host# mysql -u root -p password;
Enter password:*******
mysql> use RUNOOB;
Database changed
mysql> INSERT INTO runoob_tbl 
    -> (runoob_title, runoob_author, submission_date)
    -> VALUES
    -> ("学习 PHP", "菜鸟教程", NOW());
Query OK, 1 rows affected, 1 warnings (0.01 sec)
mysql> INSERT INTO runoob_tbl
    -> (runoob_title, runoob_author, submission_date)
    -> VALUES
    -> ("学习 MySQL", "菜鸟教程", NOW());
Query OK, 1 rows affected, 1 warnings (0.01 sec)
mysql> INSERT INTO runoob_tbl
    -> (runoob_title, runoob_author, submission_date)
    -> VALUES
    -> ("JAVA 教程", "RUNOOB.COM", '2016-05-06');
Query OK, 1 rows affected (0.00 sec)
mysql>
```

我们并没有提供 runoob_id 的数据，因为该字段我们在创建表的时候已经设置它为 AUTO_INCREMENT(自动增加) 属性。 

所以，该字段会自动递增而不需要我们去设置。实例中 NOW() 是一个 MySQL 函数，该函数返回日期和时间。



#### 4.5 查询数据

```mysql
SELECT column_name,column_name FROM table_name [WHERE Clause] [LIMIT N][ OFFSET M]
```

- 查询语句中你可以使用一个或者多个表，表之间使用逗号(,)分割，并使用WHERE语句来设定查询条件。
- SELECT 命令可以读取一条或者多条记录。
- 你可以使用星号（*）来代替其他字段，SELECT语句会返回表的所有字段数据
- 你可以使用 WHERE 语句来包含任何条件。
- 你可以使用 LIMIT 属性来设定返回的记录数。
- 你可以通过OFFSET指定SELECT语句开始查询的数据偏移量。默认情况下偏移量为0。



#### 4.6 WHERE子句

```mysql
SELECT field1, field2,...fieldN FROM table_name1, table_name2...
[WHERE condition1 [AND [OR]] condition2.....
```

- 查询语句中你可以使用一个或者多个表，表之间使用逗号**,** 分割，并使用WHERE语句来设定查询条件。
- 你可以在 WHERE 子句中指定任何条件。
- 你可以使用 AND 或者 OR 指定一个或多个条件。
- WHERE 子句也可以运用于 SQL 的 DELETE 或者 UPDATE 命令。
- WHERE 子句类似于程序语言中的 if 条件，根据 MySQL 表中的字段值来读取指定的数据。

| 操作符 | 描述                                                         | 实例                 |
| :----- | :----------------------------------------------------------- | :------------------- |
| =      | 等号，检测两个值是否相等，如果相等返回true                   | (A = B) 返回false。  |
| <>, != | 不等于，检测两个值是否相等，如果不相等返回true               | (A != B) 返回 true。 |
| >      | 大于号，检测左边的值是否大于右边的值, 如果左边的值大于右边的值返回true | (A > B) 返回false。  |
| <      | 小于号，检测左边的值是否小于右边的值, 如果左边的值小于右边的值返回true | (A < B) 返回 true。  |
| >=     | 大于等于号，检测左边的值是否大于或等于右边的值, 如果左边的值大于或等于右边的值返回true | (A >= B) 返回false。 |
| <=     | 小于等于号，检测左边的值是否小于或等于右边的值, 如果左边的值小于或等于右边的值返回true | (A <= B) 返回 true。 |

MySQL 的 WHERE 子句的字符串比较是不区分大小写的。 可以使用 BINARY 关键字来设定 WHERE 子句的字符串比较是区分大小写的

```mysql
SELECT field1, field2,...fieldN FROM table_name1, table_name2...
[WHERE BINARY condition1 [AND [OR]] condition2.....
```



**示例**：

```mysql
SELECT * from runoob_tbl WHERE runoob_author='菜鸟教程';
```

```mysql
SELECT * from runoob_tbl WHERE BINARY runoob_author='RUNOOB.COM';
```



#### 4.7 UPDATE更新

```mysql
UPDATE table_name SET field1=new-value1, field2=new-value2
[WHERE Clause]
```

- 你可以同时更新一个或多个字段。
- 你可以在 WHERE 子句中指定任何条件。
- 你可以在一个单独表中同时更新数据。



#### 4.8 DELETE语句

```mysql
DELETE FROM table_name [WHERE Clause]
```

- 如果没有指定 WHERE 子句，MySQL 表中的所有记录将被删除。
- 你可以在 WHERE 子句中指定任何条件
- 您可以在单个表中一次性删除记录。



#### 4.9 LIKE子句

SQL LIKE 子句中使用百分号 **%**字符来表示任意字符，类似于UNIX或正则表达式中的星号 *****

如果没有使用百分号 **%**, LIKE 子句与等号 **=** 的效果是一样的

```mysql
SELECT field1, field2,...fieldN FROM table_name WHERE field1 LIKE condition1 [AND [OR]] filed2 = 'somevalue'
```

- 可以在 WHERE 子句中指定任何条件。
- 可以在 WHERE 子句中使用LIKE子句。
- 可以使用LIKE子句代替等号 **=**。
- LIKE 通常与 **%** 一同使用，类似于一个元字符的搜索。
- 可以使用 AND 或者 OR 指定一个或多个条件。
- 可以在 DELETE 或 UPDATE 命令中使用 WHERE...LIKE 子句来指定条件。

```mysql
'%a'     //以a结尾的数据
'a%'     //以a开头的数据
'%a%'    //含有a的数据
'_a_'    //三位且中间字母是a的
'_a'     //两位且结尾字母是a的
'a_'     //两位且开头字母是a的
```

**示例**：

将 runoob_tbl 表中获取 runoob_author 字段中以 **COM** 为结尾的的所有记录

```mysql
mysql> use RUNOOB;
Database changed
mysql> SELECT * from runoob_tbl  WHERE runoob_author LIKE '%COM';
+-----------+---------------+---------------+-----------------+
| runoob_id | runoob_title  | runoob_author | submission_date |
+-----------+---------------+---------------+-----------------+
| 3         | 学习 Java   | RUNOOB.COM    | 2015-05-01      |
| 4         | 学习 Python | RUNOOB.COM    | 2016-03-06      |
+-----------+---------------+---------------+-----------------+
2 rows in set (0.01 sec)
```



#### 4.10 UNION操作符

MySQL UNION 操作符用于连接两个以上的 SELECT 语句的结果组合到一个结果集合中。

多个 SELECT 语句会删除重复的数据。

```mysql
SELECT expression1, expression2, ... expression_n FROM tables [WHERE conditions]
UNION [ALL | DISTINCT]
SELECT expression1, expression2, ... expression_n FROM tables [WHERE conditions];
```

- **expression1, expression2, ... expression_n**: 要检索的列。

- **tables:** 要检索的数据表。

- **WHERE conditions:** 可选， 检索条件。

- **DISTINCT:** 可选，删除结果集中重复的数据。默认情况下 UNION 操作符已经删除了重复数据，

  所以 DISTINCT 修饰符对结果没啥影响。

- **ALL:** 可选，返回所有结果集，包含重复数据。



#### 4.11 排序

```mysql
SELECT field1, field2,...fieldN FROM table_name1, table_name2...
ORDER BY field1 [ASC [DESC][默认 ASC]], [field2...] [ASC [DESC][默认 ASC]]
```

- 可以使用任何字段来作为排序的条件，从而返回排序后的查询结果。
- 可以设定多个字段来排序。
- 可以使用 ASC 或 DESC 关键字来设置查询结果是按升序或降序排列。 默认情况下，它是按升序排列。
- 可以添加 WHERE...LIKE 子句来设置条件。



#### 4.12 分组

GROUP BY 语句根据一个或多个列对结果集进行分组。

在分组的列上我们可以使用 **COUNT, SUM, AVG**,等函数。

```mysql
SELECT column_name, function(column_name) FROM table_name WHERE column_name operator value GROUP BY column_name;
```

**示例**：

```mysql
CREATE TABLE `employee_tbl` (
  `id` int(11) NOT NULL,
  `name` char(10) NOT NULL DEFAULT '',
  `date` datetime NOT NULL,
  `signin` tinyint(4) NOT NULL DEFAULT '0' COMMENT '登录次数',
  PRIMARY KEY (`id`)
) ENGINE=InnoDB DEFAULT CHARSET=utf8;
```

```mysql
INSERT INTO `employee_tbl` VALUES ('1', '小明', '2016-04-22 15:25:33', '1'), ('2', '小王', '2016-04-20 15:25:47', '3'), ('3', '小丽', '2016-04-19 15:26:02', '2'), ('4', '小王', '2016-04-07 15:26:14', '4'), ('5', '小明', '2016-04-11 15:26:40', '4'), ('6', '小明', '2016-04-04 15:26:54', '2');
```

```mysql
mysql> set names utf8;
mysql> SELECT * FROM employee_tbl;
+----+--------+---------------------+--------+
| id | name   | date                | signin |
+----+--------+---------------------+--------+
|  1 | 小明 | 2016-04-22 15:25:33 |      1 |
|  2 | 小王 | 2016-04-20 15:25:47 |      3 |
|  3 | 小丽 | 2016-04-19 15:26:02 |      2 |
|  4 | 小王 | 2016-04-07 15:26:14 |      4 |
|  5 | 小明 | 2016-04-11 15:26:40 |      4 |
|  6 | 小明 | 2016-04-04 15:26:54 |      2 |
+----+--------+---------------------+--------+
6 rows in set (0.00 sec)
```

```mysql
mysql> SELECT name, COUNT(*) FROM   employee_tbl GROUP BY name;
+--------+----------+
| name   | COUNT(*) |
+--------+----------+
| 小丽 |        1 |
| 小明 |        3 |
| 小王 |        2 |
+--------+----------+
3 rows in set (0.01 sec)
```

**WITH ROLLUP**

ITH ROLLUP 可以实现在分组统计数据基础上再进行相同的统计（SUM,AVG,COUNT…）。

例如我们将以上的数据表按名字进行分组，再统计每个人登录的次数：

```mysql
SELECT name, SUM(signin) as signin_count FROM  employee_tbl GROUP BY name WITH ROLLUP;
+--------+--------------+
| name   | signin_count |
+--------+--------------+
| 小丽 |            2 |
| 小明 |            7 |
| 小王 |            7 |
| NULL   |           16 |
+--------+--------------+
4 rows in set (0.00 sec)
```



### 5.连接的使用

